,precision,recall,f1-score,support
1,0.6467035025285635,0.6905845292264613,0.6679240720590013,39998.0
2,0.3715465596463677,0.24210725791169224,0.29317545550507135,26385.0
3,0.26662854964741756,0.3776997840172786,0.3125907719807843,11112.0
4,0.10513546300040437,0.5138339920948617,0.17455521987244044,506.0
5,0.4103585657370518,0.2791327913279133,0.33225806451612905,369.0
accuracy,0.4921526094168687,0.4921526094168687,0.4921526094168687,0.4921526094168687
macro avg,0.360074528111961,0.4206716709156414,0.3561007167866853,78370.0
weighted avg,0.49556590492693847,0.4921526094168687,0.4866083737786095,78370.0
