,precision,recall,f1-score,support
1,0.5212460063897764,0.3420335429769392,0.41303797468354436,9540.0
2,0.38251691072623206,0.5394129979035639,0.44761449136693776,9540.0
3,0.3142434878995012,0.5349056603773585,0.3959036424997091,9540.0
4,0.6887058823529412,0.3068134171907757,0.42451051486584485,9540.0
5,0.5105361429714591,0.40125786163522015,0.44934851508393003,9540.0
accuracy,0.4248846960167715,0.4248846960167715,0.4248846960167715,0.4248846960167715
macro avg,0.48344968606798194,0.42488469601677153,0.4260830276999933,47700.0
weighted avg,0.48344968606798194,0.4248846960167715,0.42608302769999323,47700.0
