,precision,recall,f1-score,support
1,0.11926605504587157,0.0013626834381551363,0.002694579749196808,9540.0
2,0.2738028432472877,0.6137316561844863,0.37867028844910106,9540.0
3,0.3462033462033462,0.08459119496855345,0.13596158706090472,9540.0
4,0.4402311303719754,0.12777777777777777,0.19806645543910956,9540.0
5,0.180935234756242,0.40031446540880505,0.2492250464972102,9540.0
accuracy,0.24555555555555555,0.24555555555555555,0.24555555555555555,0.24555555555555555
macro avg,0.27208772192494457,0.24555555555555558,0.19292359143910448,47700.0
weighted avg,0.27208772192494457,0.24555555555555555,0.19292359143910445,47700.0
