,precision,recall,f1-score,support
1.0,0.4411133467471496,0.6894129979035639,0.5379959100204499,9540.0
2.0,0.3869047619047619,0.17033542976939203,0.23653566229985445,9540.0
3.0,0.32469045884923525,0.46729559748427674,0.3831542758917061,9540.0
4.0,0.5553737043098745,0.640251572327044,0.5947998831434415,9540.0
5.0,0.32677369238736403,0.13228511530398324,0.18833009998507685,9540.0
accuracy,0.419916142557652,0.419916142557652,0.419916142557652,0.419916142557652
macro avg,0.4069711928396771,0.419916142557652,0.3881631662681057,47700.0
weighted avg,0.4069711928396771,0.419916142557652,0.3881631662681058,47700.0
