,precision,recall,f1-score,support
1,0.22883238706492223,0.09716981132075472,0.13641380325215216,9540.0
2,0.3025285404283423,0.6722222222222223,0.41726852755546884,9540.0
3,0.3278168215824076,0.15157232704402515,0.20729696795928604,9540.0
4,0.47512278453982487,0.23322851153039834,0.31287351472966324,9540.0
5,0.15183050086097177,0.21257861635220127,0.17714111018910775,9540.0
accuracy,0.27335429769392033,0.27335429769392033,0.27335429769392033,0.27335429769392033
macro avg,0.2972262068952938,0.27335429769392033,0.25019878473713564,47700.0
weighted avg,0.2972262068952938,0.27335429769392033,0.2501987847371356,47700.0
