,precision,recall,f1-score,support
1,0.5616819827346143,0.8337007440066134,0.6711774166712884,7258.0
2,0.45979381443298967,0.030724717553044918,0.05760041327650782,7258.0
3,0.37625289128758677,0.4706530724717553,0.4181918344861357,7258.0
4,0.6030927835051546,0.06448057316065031,0.11650485436893204,7258.0
5,0.4782236278579429,1.0,0.6470247381323825,7258.0
accuracy,0.47991182143841277,0.47991182143841277,0.47991182143841277,0.47991182143841277
macro avg,0.49580901996365767,0.4799118214384128,0.3820998513870492,36290.0
weighted avg,0.49580901996365756,0.47991182143841277,0.38209985138704927,36290.0
