,precision,recall,f1-score,support
1.0,0.5199444420330743,0.8460343244579419,0.6440668853164149,14159.0
2.0,0.6957306073361396,0.08171481036796384,0.14625205410188347,14159.0
3.0,0.401596548004315,0.6573204322339148,0.4985803824931698,14159.0
4.0,0.4818619582664527,0.21202062292534785,0.2944725096865957,14159.0
5.0,0.5776605944391179,0.6808390423052475,0.6250202612895905,14159.0
accuracy,0.4955858464580832,0.4955858464580832,0.4955858464580832,0.4955858464580832
macro avg,0.5353588300158199,0.4955858464580832,0.4416784185775309,70795.0
weighted avg,0.5353588300158199,0.4955858464580832,0.4416784185775309,70795.0
