,precision,recall,f1-score,support
1,0.2868952847519902,0.5893081761006289,0.3859143327841845,9540.0
2,0.3190274452016946,0.18155136268343816,0.231411583940143,9540.0
3,0.6353790613718412,0.018448637316561847,0.03585616787205868,9540.0
4,0.41170932891020756,0.9626834381551362,0.5767576223820141,9540.0
5,0.0,0.0,0.0,9540.0
accuracy,0.350398322851153,0.350398322851153,0.350398322851153,0.350398322851153
macro avg,0.33060222404714673,0.350398322851153,0.24598794139568003,47700.0
weighted avg,0.3306022240471467,0.350398322851153,0.24598794139568003,47700.0
