,precision,recall,f1-score,support
1.0,0.2547575707430084,0.6454926624737946,0.3653298528713811,9540.0
2.0,0.343491968172947,0.239832285115304,0.2824517005123141,9540.0
3.0,0.3938679245283019,0.0350104821802935,0.06430496726992684,9540.0
4.0,0.5321187669419404,0.8848008385744235,0.6645671771050664,9540.0
5.0,0.0,0.0,0.0,9540.0
accuracy,0.3610272536687631,0.3610272536687631,0.3610272536687631,0.3610272536687631
macro avg,0.30484724607723956,0.3610272536687631,0.2753307395517377,47700.0
weighted avg,0.30484724607723956,0.3610272536687631,0.2753307395517377,47700.0
