,precision,recall,f1-score,support
1.0,0.0009530617107457708,0.0004192872117400419,0.0005823687850331222,9540.0
2.0,0.31474546518431834,0.5638364779874214,0.4039804731505821,9540.0
3.0,0.2513601741022851,0.09685534591194969,0.13983050847457626,9540.0
4.0,0.4455498658863692,0.9576519916142557,0.6081544350141455,9540.0
5.0,0.0,0.0,0.0,9540.0
accuracy,0.32375262054507337,0.32375262054507337,0.32375262054507337,0.32375262054507337
macro avg,0.20252171337674368,0.32375262054507337,0.23050955708486737,47700.0
weighted avg,0.20252171337674368,0.32375262054507337,0.2305095570848674,47700.0
