,precision,recall,f1-score,support
1.0,0.24466159971045964,0.09548696941874427,0.13736347472694949,14159.0
2.0,0.3901089399965416,0.3186665724980578,0.3507871720116619,14159.0
3.0,0.2655955999421045,0.3887986439720319,0.31559938084045175,14159.0
4.0,0.37532352851618406,0.870541704922664,0.5245106382978724,14159.0
5.0,0.0,0.0,0.0,14159.0
accuracy,0.3346987781622996,0.3346987781622996,0.3346987781622996,0.3346987781622996
macro avg,0.255137933633058,0.3346987781622996,0.2656521331753871,70795.0
weighted avg,0.255137933633058,0.3346987781622996,0.26565213317538705,70795.0
