,precision,recall,f1-score,support
1,0.33520928596552935,0.06328441463576599,0.10646855099988828,15059.0
2,0.3122092322526214,0.8600836708944817,0.45812110922467464,15059.0
3,0.4509415262636274,0.030214489673949133,0.05663430420711974,15059.0
4,0.6018292682926829,0.06554220067733581,0.11821067129768249,15059.0
5,0.4919838971678791,0.9251610332691413,0.6423680752472508,15059.0
accuracy,0.3888571618301348,0.3888571618301348,0.3888571618301348,0.3888571618301348
macro avg,0.43843464198846804,0.38885716183013475,0.2763605421953232,75295.0
weighted avg,0.438434641988468,0.3888571618301348,0.2763605421953232,75295.0
