,precision,recall,f1-score,support
1.0,0.05698729582577133,0.03312236286919831,0.0418945963975984,9480.0
2.0,0.3507280139778684,0.31761603375527425,0.3333517852200388,9480.0
3.0,0.2603732950466619,0.38259493670886074,0.3098675779581376,9480.0
4.0,0.47435325602140943,0.8974683544303798,0.6206594689232564,9480.0
5.0,0.0,0.0,0.0,9480.0
accuracy,0.3261603375527426,0.3261603375527426,0.3261603375527426,0.3261603375527426
macro avg,0.2284883721743422,0.3261603375527426,0.26115468569980627,47400.0
weighted avg,0.22848837217434223,0.3261603375527426,0.26115468569980627,47400.0
