,precision,recall,f1-score,support
1,0.487168936106539,0.864798459393054,0.6232442391902563,15059.0
2,0.490617752477335,0.15452553290391127,0.235026764973235,15059.0
3,0.5046468401486989,0.03605817119330633,0.0673070963743415,15059.0
4,0.32706099552652135,0.9175908094827013,0.4822363369861102,15059.0
5,0.0,0.0,0.0,15059.0
accuracy,0.3945945945945946,0.3945945945945946,0.3945945945945946,0.3945945945945946
macro avg,0.3618989048518188,0.39459459459459456,0.2815628875047886,75295.0
weighted avg,0.36189890485181886,0.3945945945945946,0.2815628875047886,75295.0
