,precision,recall,f1-score,support
1.0,0.3956476935200339,0.6885021097046413,0.5025214612926819,9480.0
2.0,0.47171197648787655,0.06772151898734177,0.11843925837099897,9480.0
3.0,0.2829573934837093,0.5954641350210971,0.38362215426435614,9480.0
4.0,0.751891551071879,0.25158227848101267,0.377015491621878,9480.0
5.0,0.17554517133956385,0.11888185654008439,0.14176100628930816,9480.0
accuracy,0.34443037974683544,0.34443037974683544,0.34443037974683544,0.34443037974683544
macro avg,0.4155507571806125,0.34443037974683544,0.30467187436784465,47400.0
weighted avg,0.41555075718061246,0.34443037974683544,0.30467187436784465,47400.0
