,precision,recall,f1-score,support
1.0,0.3711340206185567,0.4394904458598726,0.4024301336573512,9420.0
2.0,0.2737945085863976,0.29957537154989383,0.28610533786181375,9420.0
3.0,0.27500840147866024,0.5212314225053079,0.3600498643396641,9420.0
4.0,0.0,0.0,0.0,9420.0
5.0,0.0,0.0,0.0,9420.0
accuracy,0.2520594479830149,0.2520594479830149,0.2520594479830149,0.2520594479830149
macro avg,0.18398738613672289,0.25205944798301483,0.2097170671717658,47100.0
weighted avg,0.1839873861367229,0.2520594479830149,0.2097170671717658,47100.0
