,precision,recall,f1-score,support
1.0,0.19290020093770932,0.019673474964136895,0.03570543020084305,14639.0
2.0,0.3952785492566574,0.6611107316073502,0.49474733532704546,14639.0
3.0,0.30524246395806026,0.15909556663706537,0.20916969778616012,14639.0
4.0,0.3516110650642354,0.9273174397158276,0.5098878810073807,14639.0
5.0,0.0,0.0,0.0,14639.0
accuracy,0.35343944258487603,0.35343944258487603,0.35343944258487603,0.35343944258487603
macro avg,0.24900645584333247,0.35343944258487603,0.2499020688642859,73195.0
weighted avg,0.24900645584333245,0.35343944258487603,0.24990206886428584,73195.0
