,precision,recall,f1-score,support
1,0.5306156131374814,0.7290249433106576,0.6141942878976024,4410.0
2,0.19256756756756757,0.01292517006802721,0.024224394390140246,4410.0
3,0.374314916308695,0.573015873015873,0.45282680763372457,4410.0
4,0.6228239845261122,0.07301587301587302,0.13070834179013602,4410.0
5,0.4163996677346624,0.7956916099773242,0.5467009425878321,4410.0
accuracy,0.43673469387755104,0.43673469387755104,0.43673469387755104,0.43673469387755104
macro avg,0.4273443498549037,0.43673469387755104,0.3537309548598871,22050.0
weighted avg,0.4273443498549037,0.43673469387755104,0.35373095485988704,22050.0
