,precision,recall,f1-score,support
1.0,0.5790651631230094,0.47510417402358923,0.5219584109248914,14159.0
2.0,0.40703517587939697,0.423334981283989,0.4150250995326294,14159.0
3.0,0.5381319622964867,0.04435341478918003,0.08195223802688244,14159.0
4.0,0.37168896075260915,0.892930291687266,0.524888944243783,14159.0
5.0,0.1487594390507012,0.09739388374885231,0.11771735882880191,14159.0
accuracy,0.3866233491065753,0.3866233491065753,0.3866233491065753,0.3866233491065753
macro avg,0.40893614022044067,0.3866233491065753,0.33230841031139763,70795.0
weighted avg,0.4089361402204407,0.3866233491065753,0.33230841031139763,70795.0
