,precision,recall,f1-score,support
1,0.6423830510274519,0.8033733979679926,0.713914788150596,15059.0
2,0.5460987323832769,0.4605883524802444,0.49971181556195965,15059.0
3,0.45499438832772165,0.5384155654425925,0.4932023480032848,15059.0
4,0.817502872462658,0.2834849591606348,0.42098515852275525,15059.0
5,0.649886577537526,0.8941496779334617,0.7526971882162222,15059.0
accuracy,0.5960023905969852,0.5960023905969852,0.5960023905969852,0.5960023905969852
macro avg,0.6221731243477269,0.5960023905969851,0.5761022596909635,75295.0
weighted avg,0.622173124347727,0.5960023905969852,0.5761022596909635,75295.0
