,precision,recall,f1-score,support
1.0,0.5464941051325237,0.8422706469021108,0.6628854063062821,14639.0
2.0,0.588199879590608,0.2002185941662682,0.298746305167669,14639.0
3.0,0.5011383039271485,0.4811804084978482,0.49095661265028745,14639.0
4.0,0.4703389830508475,0.4701140788305212,0.4702265040483755,14639.0
5.0,0.616377785638486,0.7141881276043446,0.6616879212683142,14639.0
accuracy,0.5415943712002186,0.5415943712002186,0.5415943712002186,0.5415943712002186
macro avg,0.5445098114679228,0.5415943712002186,0.5169005498881857,73195.0
weighted avg,0.5445098114679228,0.5415943712002186,0.5169005498881857,73195.0
