,precision,recall,f1-score,support
1,0.37320574162679426,0.005179626801248423,0.010217448257794078,15059.0
2,0.3461987500858458,0.6694999667972641,0.456395283040221,15059.0
3,0.5535545023696683,0.11634238661265689,0.19227392449517125,15059.0
4,0.5357487922705314,0.07364366823826284,0.12948800280226516,15059.0
5,0.36973655135161676,1.0,0.5398652039865204,15059.0
accuracy,0.37293312968988646,0.37293312968988646,0.37293312968988646,0.37293312968988646
macro avg,0.4356888675408913,0.37293312968988646,0.2656479725163944,75295.0
weighted avg,0.4356888675408913,0.37293312968988646,0.2656479725163944,75295.0
