,precision,recall,f1-score,support
1,0.46664543862442287,0.19463443787768112,0.2746954076850984,15059.0
2,0.3563191881918819,0.6155787236868318,0.45136944613511865,15059.0
3,0.4716281722269746,0.10983465037519091,0.17817515889259936,15059.0
4,0.6652159357214597,0.2638953449764261,0.3778823753149812,15059.0
5,0.4219649729987767,0.9391725878212365,0.5823040184453229,15059.0
accuracy,0.4246231489474733,0.4246231489474733,0.4246231489474733,0.4246231489474733
macro avg,0.47635474155270313,0.4246231489474733,0.37288528129462406,75295.0
weighted avg,0.47635474155270313,0.4246231489474733,0.3728852812946241,75295.0
