,precision,recall,f1-score,support
1.0,0.2240578771191016,0.21888185654008438,0.22143962435302278,9480.0
2.0,0.3263883387467322,0.4345991561181435,0.37280007238836366,9480.0
3.0,0.15716753022452504,0.01919831223628692,0.034216958074826095,9480.0
4.0,0.5002022303114346,0.9131856540084389,0.6463583081345429,9480.0
5.0,0.2898879591547298,0.21561181434599155,0.24729296473292603,9480.0
accuracy,0.360295358649789,0.360295358649789,0.360295358649789,0.360295358649789
macro avg,0.2995407871113046,0.36029535864978907,0.30442158553673626,47400.0
weighted avg,0.29954078711130466,0.360295358649789,0.30442158553673626,47400.0
