,precision,recall,f1-score,support
1,0.01808242220353238,0.004507337526205451,0.0072159758348716236,9540.0
2,0.26925682541833207,0.8332285115303983,0.4069940095233219,9540.0
3,0.43340857787810383,0.02012578616352201,0.03846539116498046,9540.0
4,0.5868200836820083,0.11761006289308176,0.19594830597275587,9540.0
5,0.2629973968017851,0.3706498951781971,0.3076789210354579,9540.0
accuracy,0.26922431865828095,0.26922431865828095,0.26922431865828095,0.26922431865828095
macro avg,0.3141130611967523,0.2692243186582809,0.19126052070627753,47700.0
weighted avg,0.31411306119675236,0.26922431865828095,0.19126052070627753,47700.0
