,precision,recall,f1-score,support
1,0.6675006254691018,0.279664570230608,0.3941789170421807,9540.0
2,0.34353167911346666,0.7473794549266247,0.4707047367552401,9540.0
3,0.23267461484021992,0.4480083857442348,0.3062811279515568,9540.0
4,0.8534614544660406,0.40964360587002097,0.5535802818896522,9540.0
5,0.0,0.0,0.0,9540.0
accuracy,0.3769392033542977,0.3769392033542977,0.3769392033542977,0.3769392033542977
macro avg,0.41943367477776583,0.3769392033542977,0.344949012727726,47700.0
weighted avg,0.4194336747777659,0.3769392033542977,0.34494901272772593,47700.0
