,precision,recall,f1-score,support
1,0.6439950980392157,0.46279172170849847,0.5385600819882143,2271.0
2,0.33898858075040783,0.5981577432354634,0.4327363598500624,1737.0
3,0.28171530673019657,0.3224267211997273,0.30069930069930073,1467.0
4,0.2711864406779661,0.6153846153846154,0.3764705882352941,442.0
5,0.9338842975206612,0.07138344914718889,0.13262910798122066,1583.0
accuracy,0.3930666666666667,0.3930666666666667,0.3930666666666667,0.3930666666666667
macro avg,0.4939539447436895,0.4140288501350987,0.35621908775081845,7500.0
weighted avg,0.5417087516184778,0.3930666666666667,0.3722947673753253,7500.0
