,precision,recall,f1-score,support
1,0.674729458,0.674138336,0.674433768,46799
2,0.392649084,0.331011697,0.359205426,33597
3,0.477907206,0.4433983,0.460006461,27296
4,0.472972973,0.869165325,0.612592172,8698
accuracy,0.535552883,0.535552883,0.535552883,0.535552883
macro avg,0.50456468,0.579428415,0.526559457,116390
weighted avg,0.532067782,0.535552883,0.528530919,116390
