,precision,recall,f1-score,support
1,0.653178071,0.840748299,0.735187976,44100
2,0.471996495,0.337607203,0.393647946,35097
3,0.586364456,0.347316691,0.436239209,28081
4,0.398654514,0.844889042,0.541708135,8697
5,0,0,0,1500
accuracy,0.5620515,0.5620515,0.5620515,0.5620515
macro avg,0.422038707,0.474112247,0.421356653,117475
weighted avg,0.555893701,0.5620515,0.537977617,117475
