,precision,recall,f1-score,support
1,0.6388681303144755,0.746031746031746,0.6883037754324882,42399.0
2,0.31886792452830187,0.23631405998741523,0.27145323856563464,28606.0
3,0.4016914901579223,0.3665983606557377,0.38334345201957076,14640.0
4,0.1294987146529563,0.46375143843498273,0.20246169304194922,869.0
5,0.26666666666666666,0.016783216783216783,0.031578947368421054,715.0
accuracy,0.5064026871797224,0.5064026871797224,0.5064026871797224,0.5064026871797224
macro avg,0.3511185852640645,0.3658957643786197,0.31542822128561276,87229.0
weighted avg,0.48599514120157417,0.5064026871797224,0.49019534114983554,87229.0
