,precision,recall,f1-score,support
1,0.5340232561953652,0.7822838334574634,0.6347420952083902,41623.0
2,0.5462898144907246,0.244842732763354,0.33813573092130206,50996.0
3,0.4256189451022605,0.30091324200913244,0.35256353098528753,26280.0
4,0.08199301895831908,0.22189294313761806,0.11974012993503247,5399.0
5,0.0,0.0,0.0,0.0
accuracy,0.4356707268017185,0.4356707268017185,0.4356707268017185,0.4356707268017185
macro avg,0.3175850069493339,0.3099865502735136,0.2890362974100024,124298.0
weighted avg,0.49650188707004167,0.4356707268017185,0.4310229168509079,124298.0
