,precision,recall,f1-score,support
1,0.5296928001528833,0.4994144144144144,0.5141081820500336,44400.0
2,0.39306615304837395,0.4050690892434537,0.3989773667193022,39297.0
3,0.369853952799238,0.48238379516201385,0.4186896293523025,28979.0
4,0.18874172185430463,0.06786522205024408,0.09983361064891846,8399.0
5,0.0,0.0,0.0,2100.0
accuracy,0.42736756647046886,0.42736756647046886,0.42736756647046886,0.42736756647046886
macro avg,0.29627092557095996,0.29094650417402523,0.28632175775411134,123175.0
weighted avg,0.41622017749667867,0.42736756647046886,0.41791537347538504,123175.0
