,precision,recall,f1-score,support
1,0.5430939226519337,0.6863288288288288,0.6063675256193414,44400.0
2,0.37808959439958245,0.3133572537343818,0.34269334594940587,39297.0
3,0.5637661002600229,0.321715725180303,0.4096581421917567,28979.0
4,0.34559256208073436,0.6992499107036552,0.4625684243689206,8399.0
5,0.27461139896373055,0.1261904761904762,0.1729200652528548,2100.0
accuracy,0.4728881672417293,0.4728881672417293,0.4728881672417293,0.4728881672417293
macro avg,0.4210307156712008,0.429368438927529,0.39884150067645585,123175.0
weighted avg,0.4772709611775228,0.4728881672417293,0.4587722036870553,123175.0
