,precision,recall,f1-score,support
1,0.1521247171234599,0.3556731334509112,0.2131032053539979,1701.0
2,0.1915290356952584,0.22153751348020337,0.205443245946139,6491.0
3,0.5707431495895084,0.3982590581057957,0.4691498685363716,13441.0
4,0.5450955278044616,0.6524016351558508,0.5939408036285398,7828.0
5,0.0,0.0,0.0,785.0
accuracy,0.4133769754678305,0.4133769754678305,0.4133769754678305,0.4133769754678305
macro avg,0.29189848604253765,0.3255742680385522,0.29632742469300966,30246.0
weighted avg,0.4443677041529735,0.4133769754678305,0.418277876596744,30246.0
