workload,precision,recall,f1-score,support
1,0.663803552,0.594212128,0.627082996,42399
2,0.375810517,0.536915332,0.442144656,28606
3,0.58708748,0.306215847,0.40249596,14640
4,0.23539823,0.153049482,0.185495119,869
5,0.780487805,0.223776224,0.347826087,715
accuracy,0.519655161,0.519655161,0.519655161,0.519655161
macro avg,0.528517517,0.362833803,0.401008964,87229
weighted avg,0.553171686,0.519655161,0.522052457,87229
